Name,Age
Steven Glenn,45
Jacqueline Hernandez,24
Kathleen Mason,29
Joshua Smith,18
Joseph Frank,78
Travis Shaw,29
Alexis Crawford,73
Stephanie Parker,59
Tiffany Gaines,26
Robert Banks,23
Michael Brandt,30
Rhonda Joseph,54
Larry Hart,71
Kevin Johnson,45
Connor Turner,22
Andrea Sutton,25
Jennifer Walker,43
Bradley Sullivan,55
Molly Woodard,47
Cynthia Evans,61
Dr. Jacqueline Jackson,44
Amy Clark,64
Veronica Morris,48
Dana Hobbs,59
Kenneth Sharp,73
Kevin Rogers,43
Heather Jennings,65
Scott Campbell,29
Joseph Stark,54
Anthony Rollins,46
Tammy Morton,52
Jody Dudley,35
Richard Barker,38
Natasha Young,32
Christopher Boyle,67
Kelly Parsons,62
Cindy Johnson,67
Erik Prince,61
Victor Smith,50
Michael Graham,52
Thomas Anderson,18
Rebecca Hawkins,75
Thomas Bolton,45
Chase Marshall,30
Shannon Gentry,68
Jennifer Jackson,35
Robert Lane,56
Jenny Huber,22
Joseph Brown,51
Emily Escobar,53
Michael Glover,62
David Delgado,69
Melissa Mendez,40
Greg Lynch,69
Jillian Simpson,59
Danielle Davis,29
Cassandra Stout,67
Michael Green,58
Todd Ruiz,25
Phillip Barrett,28
Victoria Howell,24
Richard Fox,34
April Reynolds,46
Jodi Conrad,60
Michelle Schwartz,72
Robert Morgan,56
John Morales,23
Alexa Gonzales,49
Jessica Gutierrez,58
Sandra Shepherd,56
Emily Johnson,33
Kelsey Young,56
Mark Goodman,24
Stephen Walker,36
Tiffany Berg,41
David Bray,50
Kurt Clark,67
Kathy Mccoy,59
Grant Mendoza,28
Tiffany Peterson,42
Connie Anderson,20
Kelly Ford,27
Justin Wilkins,34
Tonya Huffman,28
Brian Lee,68
Amber Dean,77
Bradley Simon,37
Keith Carson,61
Joseph Gonzalez,36
Derek Williams,22
Kelly Thomas,49
Barry White,60
Barbara Mcclure,42
Kimberly Moreno,37
Angelica Warner,74
Colton Velazquez DDS,60
Jillian Roberts,69
Colton Arnold,26
Devon Sanchez,62
Jessica Jones,74
